"FullName","Account","AccessRights"
"D:\Antoine HENRY\Bureau\NTFSProjectFiles\NTFSProject\acls","AUTORITE NT\Système","DeleteSubdirectoriesAndFiles, ChangePermissions, TakeOwnership, Synchronize"
"D:\Antoine HENRY\Bureau\NTFSProjectFiles\NTFSProject\acls","AUTORITE NT\Système","DeleteSubdirectoriesAndFiles, ReadAndExecute, ChangePermissions, TakeOwnership, Synchronize"
"D:\Antoine HENRY\Bureau\NTFSProjectFiles\NTFSProject\acls","AUTORITE NT\Système","DeleteSubdirectoriesAndFiles, ChangePermissions, TakeOwnership, Synchronize, GenericAll"
"D:\Antoine HENRY\Bureau\NTFSProjectFiles\NTFSProject\acls","AUTORITE NT\Système","FullControl"
"D:\Antoine HENRY\Bureau\NTFSProjectFiles\NTFSProject\acls","AUTORITE NT\Système","DeleteSubdirectoriesAndFiles, ChangePermissions, TakeOwnership, Synchronize, GenericAll"
"D:\Antoine HENRY\Bureau\NTFSProjectFiles\NTFSProject\acls","AUTORITE NT\Système","DeleteSubdirectoriesAndFiles, ChangePermissions, TakeOwnership, Synchronize, GenericAll"
"D:\Antoine HENRY\Bureau\NTFSProjectFiles\NTFSProject\acls","AUTORITE NT\Système","DeleteSubdirectoriesAndFiles, ReadAndExecute, ChangePermissions, TakeOwnership, Synchronize"
"D:\Antoine HENRY\Bureau\NTFSProjectFiles\NTFSProject\acls","AUTORITE NT\Utilisateurs authentifiés","Read, Synchronize"
"D:\Antoine HENRY\Bureau\NTFSProjectFiles\NTFSProject\acls","AUTORITE NT\Utilisateurs authentifiés","Write, ReadAndExecute, Synchronize"
"D:\Antoine HENRY\Bureau\NTFSProjectFiles\NTFSProject\acls","AUTORITE NT\Utilisateurs authentifiés","GenericExecute, GenericWrite, GenericRead"
"D:\Antoine HENRY\Bureau\NTFSProjectFiles\NTFSProject\acls","AUTORITE NT\Utilisateurs authentifiés","GenericExecute, GenericWrite, GenericRead"
"D:\Antoine HENRY\Bureau\NTFSProjectFiles\NTFSProject\acls","AUTORITE NT\Utilisateurs authentifiés","Read, Synchronize"
"D:\Antoine HENRY\Bureau\NTFSProjectFiles\NTFSProject\acls","BUILTIN\Administrateurs","FullControl, GenericAll"
"D:\Antoine HENRY\Bureau\NTFSProjectFiles\NTFSProject\acls","BUILTIN\Administrateurs","FullControl"
"D:\Antoine HENRY\Bureau\NTFSProjectFiles\NTFSProject\acls","BUILTIN\Administrateurs","FullControl, GenericAll"
"D:\Antoine HENRY\Bureau\NTFSProjectFiles\NTFSProject\acls","BUILTIN\Administrateurs","FullControl, GenericAll"
"D:\Antoine HENRY\Bureau\NTFSProjectFiles\NTFSProject\acls","BUILTIN\Administrateurs","FullControl"
"D:\Antoine HENRY\Bureau\NTFSProjectFiles\NTFSProject\acls","BUILTIN\Administrateurs","FullControl"
"D:\Antoine HENRY\Bureau\NTFSProjectFiles\NTFSProject\acls","BUILTIN\Utilisateurs","Write, Synchronize, GenericWrite"
"D:\Antoine HENRY\Bureau\NTFSProjectFiles\NTFSProject\acls","BUILTIN\Utilisateurs","GenericAll, GenericExecute, GenericWrite, GenericRead"
"D:\Antoine HENRY\Bureau\NTFSProjectFiles\NTFSProject\acls","BUILTIN\Utilisateurs","Read, Synchronize, GenericRead"
"D:\Antoine HENRY\Bureau\NTFSProjectFiles\NTFSProject\acls","BUILTIN\Utilisateurs","ReadAndExecute, Synchronize, GenericAll"
"D:\Antoine HENRY\Bureau\NTFSProjectFiles\NTFSProject\acls","BUILTIN\Utilisateurs","FullControl"
"D:\Antoine HENRY\Bureau\NTFSProjectFiles\NTFSProject\acls","BUILTIN\Utilisateurs","Write, ReadPermissions, Synchronize"
"D:\Antoine HENRY\Bureau\NTFSProjectFiles\NTFSProject\acls","BUILTIN\Utilisateurs","Write, Synchronize, GenericWrite"
"D:\Antoine HENRY\Bureau\NTFSProjectFiles\NTFSProject\acls","BUILTIN\Utilisateurs","Read, Synchronize, GenericRead"
"D:\Antoine HENRY\Bureau\NTFSProjectFiles\NTFSProject\acls","BUILTIN\Utilisateurs","GenericAll, GenericExecute, GenericWrite, GenericRead"
"D:\Antoine HENRY\Bureau\NTFSProjectFiles\NTFSProject\acls","BUILTIN\Utilisateurs","Read, Synchronize"
"D:\Antoine HENRY\Bureau\NTFSProjectFiles\NTFSProject\acls","BUILTIN\Utilisateurs","ReadAndExecute, Synchronize, GenericAll"
"D:\Antoine HENRY\Bureau\NTFSProjectFiles\NTFSProject\acls","BUILTIN\Utilisateurs","ListDirectory, CreateFiles, AppendData, ExecuteFile, Synchronize"
"D:\Antoine HENRY\Bureau\NTFSProjectFiles\NTFSProject\acls","BUILTIN\Utilisateurs","FullControl"
"D:\Antoine HENRY\Bureau\NTFSProjectFiles\NTFSProject\acls","BUILTIN\Utilisateurs","ExecuteFile, ReadAttributes, ReadPermissions, Synchronize"
"D:\Antoine HENRY\Bureau\NTFSProjectFiles\NTFSProject\acls","BUILTIN\Utilisateurs","Synchronize, GenericExecute"
"D:\Antoine HENRY\Bureau\NTFSProjectFiles\NTFSProject\acls\test.txt","AUTORITE NT\Système","DeleteSubdirectoriesAndFiles, ReadAndExecute, ChangePermissions, TakeOwnership, Synchronize"
"D:\Antoine HENRY\Bureau\NTFSProjectFiles\NTFSProject\acls\test.txt","AUTORITE NT\Système","FullControl"
"D:\Antoine HENRY\Bureau\NTFSProjectFiles\NTFSProject\acls\test.txt","AUTORITE NT\Utilisateurs authentifiés","Write, ReadAndExecute, Synchronize"
"D:\Antoine HENRY\Bureau\NTFSProjectFiles\NTFSProject\acls\test.txt","AUTORITE NT\Utilisateurs authentifiés","Read, Synchronize"
"D:\Antoine HENRY\Bureau\NTFSProjectFiles\NTFSProject\acls\test.txt","BUILTIN\Administrateurs","FullControl"
"D:\Antoine HENRY\Bureau\NTFSProjectFiles\NTFSProject\acls\test.txt","BUILTIN\Administrateurs","FullControl"
"D:\Antoine HENRY\Bureau\NTFSProjectFiles\NTFSProject\acls\test.txt","BUILTIN\Utilisateurs","FullControl"
"D:\Antoine HENRY\Bureau\NTFSProjectFiles\NTFSProject\acls\test.txt","BUILTIN\Utilisateurs","FullControl"
"D:\Antoine HENRY\Bureau\NTFSProjectFiles\NTFSProject\export","AUTORITE NT\Système","FullControl"
"D:\Antoine HENRY\Bureau\NTFSProjectFiles\NTFSProject\export","AUTORITE NT\Système","DeleteSubdirectoriesAndFiles, ChangePermissions, TakeOwnership, Synchronize, GenericAll"
"D:\Antoine HENRY\Bureau\NTFSProjectFiles\NTFSProject\export","AUTORITE NT\Système","DeleteSubdirectoriesAndFiles, ReadAndExecute, ChangePermissions, TakeOwnership, Synchronize"
"D:\Antoine HENRY\Bureau\NTFSProjectFiles\NTFSProject\export","AUTORITE NT\Système","DeleteSubdirectoriesAndFiles, ChangePermissions, TakeOwnership, Synchronize, GenericAll"
"D:\Antoine HENRY\Bureau\NTFSProjectFiles\NTFSProject\export","AUTORITE NT\Système","DeleteSubdirectoriesAndFiles, ReadAndExecute, ChangePermissions, TakeOwnership, Synchronize"
"D:\Antoine HENRY\Bureau\NTFSProjectFiles\NTFSProject\export","AUTORITE NT\Utilisateurs authentifiés","GenericExecute, GenericWrite, GenericRead"
"D:\Antoine HENRY\Bureau\NTFSProjectFiles\NTFSProject\export","AUTORITE NT\Utilisateurs authentifiés","Write, ReadAndExecute, Synchronize"
"D:\Antoine HENRY\Bureau\NTFSProjectFiles\NTFSProject\export","AUTORITE NT\Utilisateurs authentifiés","Read, Synchronize"
"D:\Antoine HENRY\Bureau\NTFSProjectFiles\NTFSProject\export","AUTORITE NT\Utilisateurs authentifiés","Read, Synchronize"
"D:\Antoine HENRY\Bureau\NTFSProjectFiles\NTFSProject\export","AUTORITE NT\Utilisateurs authentifiés","GenericExecute, GenericWrite, GenericRead"
"D:\Antoine HENRY\Bureau\NTFSProjectFiles\NTFSProject\export","BUILTIN\Administrateurs","FullControl, GenericAll"
"D:\Antoine HENRY\Bureau\NTFSProjectFiles\NTFSProject\export","BUILTIN\Administrateurs","FullControl"
"D:\Antoine HENRY\Bureau\NTFSProjectFiles\NTFSProject\export","BUILTIN\Administrateurs","FullControl, GenericAll"
"D:\Antoine HENRY\Bureau\NTFSProjectFiles\NTFSProject\export","BUILTIN\Administrateurs","FullControl"
"D:\Antoine HENRY\Bureau\NTFSProjectFiles\NTFSProject\export","BUILTIN\Utilisateurs","Read, Synchronize, GenericRead"
"D:\Antoine HENRY\Bureau\NTFSProjectFiles\NTFSProject\export","BUILTIN\Utilisateurs","ReadAndExecute, Synchronize, GenericAll"
"D:\Antoine HENRY\Bureau\NTFSProjectFiles\NTFSProject\export","BUILTIN\Utilisateurs","Write, Synchronize, GenericWrite"
"D:\Antoine HENRY\Bureau\NTFSProjectFiles\NTFSProject\export","BUILTIN\Utilisateurs","GenericAll, GenericExecute, GenericWrite, GenericRead"
"D:\Antoine HENRY\Bureau\NTFSProjectFiles\NTFSProject\export","BUILTIN\Utilisateurs","Write, Synchronize, GenericWrite"
"D:\Antoine HENRY\Bureau\NTFSProjectFiles\NTFSProject\export","BUILTIN\Utilisateurs","ExecuteFile, ReadAttributes, ReadPermissions, Synchronize"
"D:\Antoine HENRY\Bureau\NTFSProjectFiles\NTFSProject\export","BUILTIN\Utilisateurs","Synchronize, GenericExecute"
"D:\Antoine HENRY\Bureau\NTFSProjectFiles\NTFSProject\export","BUILTIN\Utilisateurs","Write, ReadPermissions, Synchronize"
"D:\Antoine HENRY\Bureau\NTFSProjectFiles\NTFSProject\export","BUILTIN\Utilisateurs","GenericAll, GenericExecute, GenericWrite, GenericRead"
"D:\Antoine HENRY\Bureau\NTFSProjectFiles\NTFSProject\export","BUILTIN\Utilisateurs","Read, Synchronize"
"D:\Antoine HENRY\Bureau\NTFSProjectFiles\NTFSProject\export","BUILTIN\Utilisateurs","Read, Synchronize, GenericRead"
"D:\Antoine HENRY\Bureau\NTFSProjectFiles\NTFSProject\export","BUILTIN\Utilisateurs","FullControl"
"D:\Antoine HENRY\Bureau\NTFSProjectFiles\NTFSProject\export","BUILTIN\Utilisateurs","ListDirectory, CreateFiles, AppendData, ExecuteFile, Synchronize"
"D:\Antoine HENRY\Bureau\NTFSProjectFiles\NTFSProject\export","BUILTIN\Utilisateurs","FullControl"
"D:\Antoine HENRY\Bureau\NTFSProjectFiles\NTFSProject\export","BUILTIN\Utilisateurs","ReadAndExecute, Synchronize, GenericAll"
"D:\Antoine HENRY\Bureau\NTFSProjectFiles\NTFSProject\help","AUTORITE NT\Système","DeleteSubdirectoriesAndFiles, ChangePermissions, TakeOwnership, Synchronize, GenericAll"
"D:\Antoine HENRY\Bureau\NTFSProjectFiles\NTFSProject\help","AUTORITE NT\Système","DeleteSubdirectoriesAndFiles, ReadAndExecute, ChangePermissions, TakeOwnership, Synchronize"
"D:\Antoine HENRY\Bureau\NTFSProjectFiles\NTFSProject\help","AUTORITE NT\Système","FullControl"
"D:\Antoine HENRY\Bureau\NTFSProjectFiles\NTFSProject\help","AUTORITE NT\Système","DeleteSubdirectoriesAndFiles, ChangePermissions, TakeOwnership, Synchronize, GenericAll"
"D:\Antoine HENRY\Bureau\NTFSProjectFiles\NTFSProject\help","AUTORITE NT\Système","DeleteSubdirectoriesAndFiles, ReadAndExecute, ChangePermissions, TakeOwnership, Synchronize"
"D:\Antoine HENRY\Bureau\NTFSProjectFiles\NTFSProject\help","AUTORITE NT\Utilisateurs authentifiés","Read, Synchronize"
"D:\Antoine HENRY\Bureau\NTFSProjectFiles\NTFSProject\help","AUTORITE NT\Utilisateurs authentifiés","Write, ReadAndExecute, Synchronize"
"D:\Antoine HENRY\Bureau\NTFSProjectFiles\NTFSProject\help","AUTORITE NT\Utilisateurs authentifiés","Read, Synchronize"
"D:\Antoine HENRY\Bureau\NTFSProjectFiles\NTFSProject\help","AUTORITE NT\Utilisateurs authentifiés","GenericExecute, GenericWrite, GenericRead"
"D:\Antoine HENRY\Bureau\NTFSProjectFiles\NTFSProject\help","AUTORITE NT\Utilisateurs authentifiés","GenericExecute, GenericWrite, GenericRead"
"D:\Antoine HENRY\Bureau\NTFSProjectFiles\NTFSProject\help","BUILTIN\Administrateurs","FullControl, GenericAll"
"D:\Antoine HENRY\Bureau\NTFSProjectFiles\NTFSProject\help","BUILTIN\Administrateurs","FullControl"
"D:\Antoine HENRY\Bureau\NTFSProjectFiles\NTFSProject\help","BUILTIN\Administrateurs","FullControl"
"D:\Antoine HENRY\Bureau\NTFSProjectFiles\NTFSProject\help","BUILTIN\Administrateurs","Synchronize, GenericAll"
"D:\Antoine HENRY\Bureau\NTFSProjectFiles\NTFSProject\help","BUILTIN\Administrateurs","FullControl"
"D:\Antoine HENRY\Bureau\NTFSProjectFiles\NTFSProject\help","BUILTIN\Administrateurs","FullControl, GenericAll"
"D:\Antoine HENRY\Bureau\NTFSProjectFiles\NTFSProject\help","BUILTIN\Utilisateurs","ListDirectory, CreateFiles, AppendData, ExecuteFile, Synchronize"
"D:\Antoine HENRY\Bureau\NTFSProjectFiles\NTFSProject\help","BUILTIN\Utilisateurs","ReadAndExecute, Synchronize, GenericAll"
"D:\Antoine HENRY\Bureau\NTFSProjectFiles\NTFSProject\help","BUILTIN\Utilisateurs","Read, Synchronize, GenericRead"
"D:\Antoine HENRY\Bureau\NTFSProjectFiles\NTFSProject\help","BUILTIN\Utilisateurs","Write, ReadPermissions, Synchronize"
"D:\Antoine HENRY\Bureau\NTFSProjectFiles\NTFSProject\help","BUILTIN\Utilisateurs","GenericAll, GenericExecute, GenericWrite, GenericRead"
"D:\Antoine HENRY\Bureau\NTFSProjectFiles\NTFSProject\help","BUILTIN\Utilisateurs","Read, Synchronize"
"D:\Antoine HENRY\Bureau\NTFSProjectFiles\NTFSProject\help","BUILTIN\Utilisateurs","Synchronize, GenericExecute"
"D:\Antoine HENRY\Bureau\NTFSProjectFiles\NTFSProject\help","BUILTIN\Utilisateurs","ExecuteFile, ReadAttributes, ReadPermissions, Synchronize"
"D:\Antoine HENRY\Bureau\NTFSProjectFiles\NTFSProject\help","BUILTIN\Utilisateurs","ReadAndExecute, Synchronize, GenericAll"
"D:\Antoine HENRY\Bureau\NTFSProjectFiles\NTFSProject\help","BUILTIN\Utilisateurs","FullControl"
"D:\Antoine HENRY\Bureau\NTFSProjectFiles\NTFSProject\help","BUILTIN\Utilisateurs","Write, Synchronize, GenericWrite"
"D:\Antoine HENRY\Bureau\NTFSProjectFiles\NTFSProject\help","BUILTIN\Utilisateurs","Read, Synchronize, GenericRead"
"D:\Antoine HENRY\Bureau\NTFSProjectFiles\NTFSProject\help","BUILTIN\Utilisateurs","Write, Synchronize, GenericWrite"
"D:\Antoine HENRY\Bureau\NTFSProjectFiles\NTFSProject\help","BUILTIN\Utilisateurs","FullControl"
"D:\Antoine HENRY\Bureau\NTFSProjectFiles\NTFSProject\help","BUILTIN\Utilisateurs","GenericAll, GenericExecute, GenericWrite, GenericRead"
"D:\Antoine HENRY\Bureau\NTFSProjectFiles\NTFSProject\help\aide.txt","AUTORITE NT\Système","DeleteSubdirectoriesAndFiles, ReadAndExecute, ChangePermissions, TakeOwnership, Synchronize"
"D:\Antoine HENRY\Bureau\NTFSProjectFiles\NTFSProject\help\aide.txt","AUTORITE NT\Système","FullControl"
"D:\Antoine HENRY\Bureau\NTFSProjectFiles\NTFSProject\help\aide.txt","AUTORITE NT\Utilisateurs authentifiés","Write, ReadAndExecute, Synchronize"
"D:\Antoine HENRY\Bureau\NTFSProjectFiles\NTFSProject\help\aide.txt","AUTORITE NT\Utilisateurs authentifiés","Read, Synchronize"
"D:\Antoine HENRY\Bureau\NTFSProjectFiles\NTFSProject\help\aide.txt","BUILTIN\Administrateurs","FullControl"
"D:\Antoine HENRY\Bureau\NTFSProjectFiles\NTFSProject\help\aide.txt","BUILTIN\Administrateurs","FullControl"
"D:\Antoine HENRY\Bureau\NTFSProjectFiles\NTFSProject\help\aide.txt","BUILTIN\Utilisateurs","FullControl"
"D:\Antoine HENRY\Bureau\NTFSProjectFiles\NTFSProject\help\aide.txt","BUILTIN\Utilisateurs","FullControl"
"D:\Antoine HENRY\Bureau\NTFSProjectFiles\NTFSProject\help\help.txt","AUTORITE NT\Système","FullControl"
"D:\Antoine HENRY\Bureau\NTFSProjectFiles\NTFSProject\help\help.txt","AUTORITE NT\Système","DeleteSubdirectoriesAndFiles, ReadAndExecute, ChangePermissions, TakeOwnership, Synchronize"
"D:\Antoine HENRY\Bureau\NTFSProjectFiles\NTFSProject\help\help.txt","AUTORITE NT\Utilisateurs authentifiés","Write, ReadAndExecute, Synchronize"
"D:\Antoine HENRY\Bureau\NTFSProjectFiles\NTFSProject\help\help.txt","AUTORITE NT\Utilisateurs authentifiés","Read, Synchronize"
"D:\Antoine HENRY\Bureau\NTFSProjectFiles\NTFSProject\help\help.txt","BUILTIN\Administrateurs","FullControl"
"D:\Antoine HENRY\Bureau\NTFSProjectFiles\NTFSProject\help\help.txt","BUILTIN\Administrateurs","FullControl"
"D:\Antoine HENRY\Bureau\NTFSProjectFiles\NTFSProject\help\help.txt","BUILTIN\Utilisateurs","FullControl"
"D:\Antoine HENRY\Bureau\NTFSProjectFiles\NTFSProject\help\help.txt","BUILTIN\Utilisateurs","FullControl"
"D:\Antoine HENRY\Bureau\NTFSProjectFiles\NTFSProject\LDPowerShell.cer","AUTORITE NT\Système","DeleteSubdirectoriesAndFiles, ReadAndExecute, ChangePermissions, TakeOwnership, Synchronize"
"D:\Antoine HENRY\Bureau\NTFSProjectFiles\NTFSProject\LDPowerShell.cer","AUTORITE NT\Système","FullControl"
"D:\Antoine HENRY\Bureau\NTFSProjectFiles\NTFSProject\LDPowerShell.cer","AUTORITE NT\Utilisateurs authentifiés","Read, Synchronize"
"D:\Antoine HENRY\Bureau\NTFSProjectFiles\NTFSProject\LDPowerShell.cer","AUTORITE NT\Utilisateurs authentifiés","Write, ReadAndExecute, Synchronize"
"D:\Antoine HENRY\Bureau\NTFSProjectFiles\NTFSProject\LDPowerShell.cer","BUILTIN\Administrateurs","FullControl"
"D:\Antoine HENRY\Bureau\NTFSProjectFiles\NTFSProject\LDPowerShell.cer","BUILTIN\Administrateurs","FullControl"
"D:\Antoine HENRY\Bureau\NTFSProjectFiles\NTFSProject\LDPowerShell.cer","BUILTIN\Utilisateurs","FullControl"
"D:\Antoine HENRY\Bureau\NTFSProjectFiles\NTFSProject\LDPowerShell.cer","BUILTIN\Utilisateurs","FullControl"
"D:\Antoine HENRY\Bureau\NTFSProjectFiles\NTFSProject\LDPowerShell.pvk","AUTORITE NT\Système","FullControl"
"D:\Antoine HENRY\Bureau\NTFSProjectFiles\NTFSProject\LDPowerShell.pvk","AUTORITE NT\Système","DeleteSubdirectoriesAndFiles, ReadAndExecute, ChangePermissions, TakeOwnership, Synchronize"
"D:\Antoine HENRY\Bureau\NTFSProjectFiles\NTFSProject\LDPowerShell.pvk","AUTORITE NT\Utilisateurs authentifiés","Read, Synchronize"
"D:\Antoine HENRY\Bureau\NTFSProjectFiles\NTFSProject\LDPowerShell.pvk","AUTORITE NT\Utilisateurs authentifiés","Write, ReadAndExecute, Synchronize"
"D:\Antoine HENRY\Bureau\NTFSProjectFiles\NTFSProject\LDPowerShell.pvk","BUILTIN\Administrateurs","FullControl"
"D:\Antoine HENRY\Bureau\NTFSProjectFiles\NTFSProject\LDPowerShell.pvk","BUILTIN\Administrateurs","FullControl"
"D:\Antoine HENRY\Bureau\NTFSProjectFiles\NTFSProject\LDPowerShell.pvk","BUILTIN\Utilisateurs","FullControl"
"D:\Antoine HENRY\Bureau\NTFSProjectFiles\NTFSProject\LDPowerShell.pvk","BUILTIN\Utilisateurs","FullControl"
"D:\Antoine HENRY\Bureau\NTFSProjectFiles\NTFSProject\levels","AUTORITE NT\Système","FullControl"
"D:\Antoine HENRY\Bureau\NTFSProjectFiles\NTFSProject\levels","AUTORITE NT\Système","DeleteSubdirectoriesAndFiles, ChangePermissions, TakeOwnership, Synchronize"
"D:\Antoine HENRY\Bureau\NTFSProjectFiles\NTFSProject\levels","AUTORITE NT\Système","DeleteSubdirectoriesAndFiles, ChangePermissions, TakeOwnership, Synchronize, GenericAll"
"D:\Antoine HENRY\Bureau\NTFSProjectFiles\NTFSProject\levels","AUTORITE NT\Système","DeleteSubdirectoriesAndFiles, ChangePermissions, TakeOwnership, Synchronize, GenericAll"
"D:\Antoine HENRY\Bureau\NTFSProjectFiles\NTFSProject\levels","AUTORITE NT\Système","DeleteSubdirectoriesAndFiles, ReadAndExecute, ChangePermissions, TakeOwnership, Synchronize"
"D:\Antoine HENRY\Bureau\NTFSProjectFiles\NTFSProject\levels","AUTORITE NT\Système","DeleteSubdirectoriesAndFiles, ChangePermissions, TakeOwnership, Synchronize, GenericAll"
"D:\Antoine HENRY\Bureau\NTFSProjectFiles\NTFSProject\levels","AUTORITE NT\Système","DeleteSubdirectoriesAndFiles, ReadAndExecute, ChangePermissions, TakeOwnership, Synchronize"
"D:\Antoine HENRY\Bureau\NTFSProjectFiles\NTFSProject\levels","AUTORITE NT\Utilisateurs authentifiés","GenericExecute, GenericWrite, GenericRead"
"D:\Antoine HENRY\Bureau\NTFSProjectFiles\NTFSProject\levels","AUTORITE NT\Utilisateurs authentifiés","Read, Synchronize"
"D:\Antoine HENRY\Bureau\NTFSProjectFiles\NTFSProject\levels","AUTORITE NT\Utilisateurs authentifiés","Read, Synchronize"
"D:\Antoine HENRY\Bureau\NTFSProjectFiles\NTFSProject\levels","AUTORITE NT\Utilisateurs authentifiés","Write, ReadAndExecute, Synchronize"
"D:\Antoine HENRY\Bureau\NTFSProjectFiles\NTFSProject\levels","AUTORITE NT\Utilisateurs authentifiés","GenericExecute, GenericWrite, GenericRead"
"D:\Antoine HENRY\Bureau\NTFSProjectFiles\NTFSProject\levels","BUILTIN\Administrateurs","FullControl"
"D:\Antoine HENRY\Bureau\NTFSProjectFiles\NTFSProject\levels","BUILTIN\Administrateurs","FullControl, GenericAll"
"D:\Antoine HENRY\Bureau\NTFSProjectFiles\NTFSProject\levels","BUILTIN\Administrateurs","FullControl"
"D:\Antoine HENRY\Bureau\NTFSProjectFiles\NTFSProject\levels","BUILTIN\Administrateurs","FullControl"
"D:\Antoine HENRY\Bureau\NTFSProjectFiles\NTFSProject\levels","BUILTIN\Administrateurs","FullControl, GenericAll"
"D:\Antoine HENRY\Bureau\NTFSProjectFiles\NTFSProject\levels","BUILTIN\Administrateurs","FullControl"
"D:\Antoine HENRY\Bureau\NTFSProjectFiles\NTFSProject\levels","BUILTIN\Administrateurs","Synchronize, GenericAll"
"D:\Antoine HENRY\Bureau\NTFSProjectFiles\NTFSProject\levels","BUILTIN\Administrateurs","FullControl, GenericAll"
"D:\Antoine HENRY\Bureau\NTFSProjectFiles\NTFSProject\levels","BUILTIN\Utilisateurs","GenericAll, GenericExecute, GenericWrite, GenericRead"
"D:\Antoine HENRY\Bureau\NTFSProjectFiles\NTFSProject\levels","BUILTIN\Utilisateurs","Write, Synchronize, GenericWrite"
"D:\Antoine HENRY\Bureau\NTFSProjectFiles\NTFSProject\levels","BUILTIN\Utilisateurs","Read, Synchronize, GenericRead"
"D:\Antoine HENRY\Bureau\NTFSProjectFiles\NTFSProject\levels","BUILTIN\Utilisateurs","FullControl"
"D:\Antoine HENRY\Bureau\NTFSProjectFiles\NTFSProject\levels","BUILTIN\Utilisateurs","ReadAndExecute, Synchronize, GenericAll"
"D:\Antoine HENRY\Bureau\NTFSProjectFiles\NTFSProject\levels","BUILTIN\Utilisateurs","ListDirectory, CreateFiles, AppendData, ExecuteFile, Synchronize"
"D:\Antoine HENRY\Bureau\NTFSProjectFiles\NTFSProject\levels","BUILTIN\Utilisateurs","Read, Synchronize, GenericRead"
"D:\Antoine HENRY\Bureau\NTFSProjectFiles\NTFSProject\levels","BUILTIN\Utilisateurs","ReadAndExecute, Synchronize, GenericAll"
"D:\Antoine HENRY\Bureau\NTFSProjectFiles\NTFSProject\levels","BUILTIN\Utilisateurs","GenericAll, GenericExecute, GenericWrite, GenericRead"
"D:\Antoine HENRY\Bureau\NTFSProjectFiles\NTFSProject\levels","BUILTIN\Utilisateurs","Read, Synchronize"
"D:\Antoine HENRY\Bureau\NTFSProjectFiles\NTFSProject\levels","BUILTIN\Utilisateurs","Write, Synchronize, GenericWrite"
"D:\Antoine HENRY\Bureau\NTFSProjectFiles\NTFSProject\levels","BUILTIN\Utilisateurs","Write, ReadPermissions, Synchronize"
"D:\Antoine HENRY\Bureau\NTFSProjectFiles\NTFSProject\levels","BUILTIN\Utilisateurs","FullControl"
"D:\Antoine HENRY\Bureau\NTFSProjectFiles\NTFSProject\levels","BUILTIN\Utilisateurs","Synchronize, GenericExecute"
"D:\Antoine HENRY\Bureau\NTFSProjectFiles\NTFSProject\levels","BUILTIN\Utilisateurs","ExecuteFile, ReadAttributes, ReadPermissions, Synchronize"
"D:\Antoine HENRY\Bureau\NTFSProjectFiles\NTFSProject\levels\high-sec.ps1","AUTORITE NT\Système","FullControl"
"D:\Antoine HENRY\Bureau\NTFSProjectFiles\NTFSProject\levels\high-sec.ps1","AUTORITE NT\Système","DeleteSubdirectoriesAndFiles, ReadAndExecute, ChangePermissions, TakeOwnership, Synchronize"
"D:\Antoine HENRY\Bureau\NTFSProjectFiles\NTFSProject\levels\high-sec.ps1","AUTORITE NT\Utilisateurs authentifiés","Write, ReadAndExecute, Synchronize"
"D:\Antoine HENRY\Bureau\NTFSProjectFiles\NTFSProject\levels\high-sec.ps1","AUTORITE NT\Utilisateurs authentifiés","Read, Synchronize"
"D:\Antoine HENRY\Bureau\NTFSProjectFiles\NTFSProject\levels\high-sec.ps1","BUILTIN\Administrateurs","FullControl"
"D:\Antoine HENRY\Bureau\NTFSProjectFiles\NTFSProject\levels\high-sec.ps1","BUILTIN\Administrateurs","FullControl"
"D:\Antoine HENRY\Bureau\NTFSProjectFiles\NTFSProject\levels\high-sec.ps1","BUILTIN\Utilisateurs","FullControl"
"D:\Antoine HENRY\Bureau\NTFSProjectFiles\NTFSProject\levels\high-sec.ps1","BUILTIN\Utilisateurs","FullControl"
"D:\Antoine HENRY\Bureau\NTFSProjectFiles\NTFSProject\levels\low-sec.ps1","AUTORITE NT\Système","DeleteSubdirectoriesAndFiles, ReadAndExecute, ChangePermissions, TakeOwnership, Synchronize"
"D:\Antoine HENRY\Bureau\NTFSProjectFiles\NTFSProject\levels\low-sec.ps1","AUTORITE NT\Système","FullControl"
"D:\Antoine HENRY\Bureau\NTFSProjectFiles\NTFSProject\levels\low-sec.ps1","AUTORITE NT\Utilisateurs authentifiés","Write, ReadAndExecute, Synchronize"
"D:\Antoine HENRY\Bureau\NTFSProjectFiles\NTFSProject\levels\low-sec.ps1","AUTORITE NT\Utilisateurs authentifiés","Read, Synchronize"
"D:\Antoine HENRY\Bureau\NTFSProjectFiles\NTFSProject\levels\low-sec.ps1","BUILTIN\Administrateurs","FullControl"
"D:\Antoine HENRY\Bureau\NTFSProjectFiles\NTFSProject\levels\low-sec.ps1","BUILTIN\Administrateurs","FullControl"
"D:\Antoine HENRY\Bureau\NTFSProjectFiles\NTFSProject\levels\low-sec.ps1","BUILTIN\Utilisateurs","FullControl"
"D:\Antoine HENRY\Bureau\NTFSProjectFiles\NTFSProject\levels\low-sec.ps1","BUILTIN\Utilisateurs","FullControl"
"D:\Antoine HENRY\Bureau\NTFSProjectFiles\NTFSProject\levels\medium-sec.ps1","AUTORITE NT\Système","DeleteSubdirectoriesAndFiles, ReadAndExecute, ChangePermissions, TakeOwnership, Synchronize"
"D:\Antoine HENRY\Bureau\NTFSProjectFiles\NTFSProject\levels\medium-sec.ps1","AUTORITE NT\Système","FullControl"
"D:\Antoine HENRY\Bureau\NTFSProjectFiles\NTFSProject\levels\medium-sec.ps1","AUTORITE NT\Utilisateurs authentifiés","Write, ReadAndExecute, Synchronize"
"D:\Antoine HENRY\Bureau\NTFSProjectFiles\NTFSProject\levels\medium-sec.ps1","AUTORITE NT\Utilisateurs authentifiés","Read, Synchronize"
"D:\Antoine HENRY\Bureau\NTFSProjectFiles\NTFSProject\levels\medium-sec.ps1","BUILTIN\Administrateurs","FullControl"
"D:\Antoine HENRY\Bureau\NTFSProjectFiles\NTFSProject\levels\medium-sec.ps1","BUILTIN\Administrateurs","FullControl"
"D:\Antoine HENRY\Bureau\NTFSProjectFiles\NTFSProject\levels\medium-sec.ps1","BUILTIN\Utilisateurs","FullControl"
"D:\Antoine HENRY\Bureau\NTFSProjectFiles\NTFSProject\levels\medium-sec.ps1","BUILTIN\Utilisateurs","FullControl"
"D:\Antoine HENRY\Bureau\NTFSProjectFiles\NTFSProject\log","AUTORITE NT\Système","FullControl"
"D:\Antoine HENRY\Bureau\NTFSProjectFiles\NTFSProject\log","AUTORITE NT\Système","DeleteSubdirectoriesAndFiles, ReadAndExecute, ChangePermissions, TakeOwnership, Synchronize"
"D:\Antoine HENRY\Bureau\NTFSProjectFiles\NTFSProject\log","AUTORITE NT\Système","DeleteSubdirectoriesAndFiles, ChangePermissions, TakeOwnership, Synchronize, GenericAll"
"D:\Antoine HENRY\Bureau\NTFSProjectFiles\NTFSProject\log","AUTORITE NT\Système","DeleteSubdirectoriesAndFiles, ReadAndExecute, ChangePermissions, TakeOwnership, Synchronize"
"D:\Antoine HENRY\Bureau\NTFSProjectFiles\NTFSProject\log","AUTORITE NT\Utilisateurs authentifiés","Read, Synchronize"
"D:\Antoine HENRY\Bureau\NTFSProjectFiles\NTFSProject\log","AUTORITE NT\Utilisateurs authentifiés","GenericExecute, GenericWrite, GenericRead"
"D:\Antoine HENRY\Bureau\NTFSProjectFiles\NTFSProject\log","AUTORITE NT\Utilisateurs authentifiés","Read, Synchronize"
"D:\Antoine HENRY\Bureau\NTFSProjectFiles\NTFSProject\log","AUTORITE NT\Utilisateurs authentifiés","Write, ReadAndExecute, Synchronize"
"D:\Antoine HENRY\Bureau\NTFSProjectFiles\NTFSProject\log","BUILTIN\Administrateurs","FullControl"
"D:\Antoine HENRY\Bureau\NTFSProjectFiles\NTFSProject\log","BUILTIN\Administrateurs","FullControl, GenericAll"
"D:\Antoine HENRY\Bureau\NTFSProjectFiles\NTFSProject\log","BUILTIN\Administrateurs","FullControl"
"D:\Antoine HENRY\Bureau\NTFSProjectFiles\NTFSProject\log","BUILTIN\Utilisateurs","Synchronize, GenericExecute"
"D:\Antoine HENRY\Bureau\NTFSProjectFiles\NTFSProject\log","BUILTIN\Utilisateurs","FullControl"
"D:\Antoine HENRY\Bureau\NTFSProjectFiles\NTFSProject\log","BUILTIN\Utilisateurs","ExecuteFile, ReadAttributes, ReadPermissions, Synchronize"
"D:\Antoine HENRY\Bureau\NTFSProjectFiles\NTFSProject\log","BUILTIN\Utilisateurs","Write, ReadPermissions, Synchronize"
"D:\Antoine HENRY\Bureau\NTFSProjectFiles\NTFSProject\log","BUILTIN\Utilisateurs","Write, Synchronize, GenericWrite"
"D:\Antoine HENRY\Bureau\NTFSProjectFiles\NTFSProject\log","BUILTIN\Utilisateurs","ReadAndExecute, Synchronize, GenericAll"
"D:\Antoine HENRY\Bureau\NTFSProjectFiles\NTFSProject\log","BUILTIN\Utilisateurs","GenericAll, GenericExecute, GenericWrite, GenericRead"
"D:\Antoine HENRY\Bureau\NTFSProjectFiles\NTFSProject\log","BUILTIN\Utilisateurs","FullControl"
"D:\Antoine HENRY\Bureau\NTFSProjectFiles\NTFSProject\log","BUILTIN\Utilisateurs","Read, Synchronize, GenericRead"
"D:\Antoine HENRY\Bureau\NTFSProjectFiles\NTFSProject\log","BUILTIN\Utilisateurs","ReadAndExecute, Synchronize, GenericAll"
"D:\Antoine HENRY\Bureau\NTFSProjectFiles\NTFSProject\log","BUILTIN\Utilisateurs","Write, Synchronize, GenericWrite"
"D:\Antoine HENRY\Bureau\NTFSProjectFiles\NTFSProject\log","BUILTIN\Utilisateurs","Read, Synchronize, GenericRead"
"D:\Antoine HENRY\Bureau\NTFSProjectFiles\NTFSProject\log","BUILTIN\Utilisateurs","ListDirectory, CreateFiles, AppendData, ExecuteFile, Synchronize"
"D:\Antoine HENRY\Bureau\NTFSProjectFiles\NTFSProject\log","BUILTIN\Utilisateurs","GenericAll, GenericExecute, GenericWrite, GenericRead"
"D:\Antoine HENRY\Bureau\NTFSProjectFiles\NTFSProject\log","BUILTIN\Utilisateurs","Read, Synchronize"
"D:\Antoine HENRY\Bureau\NTFSProjectFiles\NTFSProject\log\log.txt","AUTORITE NT\Système","FullControl"
"D:\Antoine HENRY\Bureau\NTFSProjectFiles\NTFSProject\log\log.txt","AUTORITE NT\Système","DeleteSubdirectoriesAndFiles, ReadAndExecute, ChangePermissions, TakeOwnership, Synchronize"
"D:\Antoine HENRY\Bureau\NTFSProjectFiles\NTFSProject\log\log.txt","AUTORITE NT\Utilisateurs authentifiés","Read, Synchronize"
"D:\Antoine HENRY\Bureau\NTFSProjectFiles\NTFSProject\log\log.txt","AUTORITE NT\Utilisateurs authentifiés","Write, ReadAndExecute, Synchronize"
"D:\Antoine HENRY\Bureau\NTFSProjectFiles\NTFSProject\log\log.txt","BUILTIN\Administrateurs","FullControl"
"D:\Antoine HENRY\Bureau\NTFSProjectFiles\NTFSProject\log\log.txt","BUILTIN\Utilisateurs","FullControl"
"D:\Antoine HENRY\Bureau\NTFSProjectFiles\NTFSProject\NTFS.ps1","AUTORITE NT\Système","FullControl"
"D:\Antoine HENRY\Bureau\NTFSProjectFiles\NTFSProject\NTFS.ps1","AUTORITE NT\Système","DeleteSubdirectoriesAndFiles, ReadAndExecute, ChangePermissions, TakeOwnership, Synchronize"
"D:\Antoine HENRY\Bureau\NTFSProjectFiles\NTFSProject\NTFS.ps1","AUTORITE NT\Utilisateurs authentifiés","Read, Synchronize"
"D:\Antoine HENRY\Bureau\NTFSProjectFiles\NTFSProject\NTFS.ps1","AUTORITE NT\Utilisateurs authentifiés","Write, ReadAndExecute, Synchronize"
"D:\Antoine HENRY\Bureau\NTFSProjectFiles\NTFSProject\NTFS.ps1","BUILTIN\Administrateurs","FullControl"
"D:\Antoine HENRY\Bureau\NTFSProjectFiles\NTFSProject\NTFS.ps1","BUILTIN\Administrateurs","FullControl"
"D:\Antoine HENRY\Bureau\NTFSProjectFiles\NTFSProject\NTFS.ps1","BUILTIN\Utilisateurs","FullControl"
"D:\Antoine HENRY\Bureau\NTFSProjectFiles\NTFSProject\NTFS.ps1","BUILTIN\Utilisateurs","FullControl"
